GEO.id,GEO.id2,GEO.display-label,rescen42010,resbase42010,respop72010,respop72011,respop72012,respop72013
Id,Id2,Geography,"April 1, 2010 - Census","April 1, 2010 - Estimates Base",Population Estimate (as of July 1) - 2010,Population Estimate (as of July 1) - 2011,Population Estimate (as of July 1) - 2012,Population Estimate (as of July 1) - 2013
330M200US104,104,"Albany-Schenectady, NY CSA",1168485,1168502,1168670,1169748,1171393,1173061
330M200US106,106,"Albuquerque-Santa Fe-Las Vegas, NM CSA",1146049,1146051,1149164,1157619,1161541,1163966
330M200US108,108,"Amarillo-Borger, TX CSA",274083,274083,274795,277790,279467,280015
330M200US118,118,"Appleton-Oshkosh-Neenah, WI CSA",392660,392660,392862,395047,397329,399503
330M200US120,120,"Asheville-Brevard, NC CSA",457948,457949,458573,461338,465014,470560
330M200US122,122,"Atlanta--Athens-Clarke County--Sandy Springs, GA CSA",5910296,5910300,5929345,6003008,6088358,6162195
330M200US140,140,"Bend-Redmond-Prineville, OR CSA",178711,178711,178734,180484,182553,186769
330M200US142,142,"Birmingham-Hoover-Talladega, AL CSA",1302283,1302299,1303147,1304667,1307990,1313105
330M200US144,144,"Bloomington-Bedford, IN CSA",205683,205683,206250,207919,208689,208933
330M200US145,145,"Bloomington-Pontiac, IL CSA",225083,225083,225253,226060,227304,229253
330M200US146,146,"Bloomsburg-Berwick-Sunbury, PA CSA",264739,264731,264704,264408,264674,264146
330M200US147,147,"Boise City-Mountain Home-Ontario, ID-OR CSA",697535,697534,699029,707262,717222,729547
330M200US148,148,"Boston-Worcester-Providence, MA-RI-NH-CT CSA",7893376,7893376,7908107,7949365,7991835,8041303
330M200US150,150,"Bowling Green-Glasgow, KY CSA",210871,210871,211390,213098,214763,216546
330M200US154,154,"Brownsville-Harlingen-Raymondville, TX CSA",428354,428354,429880,434860,437645,439197
330M200US160,160,"Buffalo-Cheektowaga, NY CSA",1215826,1215858,1215535,1214693,1213045,1213007
330M200US162,162,"Cape Coral-Fort Myers-Naples, FL CSA",940274,940274,943181,958877,977291,1000757
330M200US164,164,"Cape Girardeau-Sikeston, MO-IL CSA",135466,135462,135664,136142,136275,136729
330M200US168,168,"Cedar Rapids-Iowa City, IA CSA",410526,410526,411303,416159,419998,423591
330M200US170,170,"Charleston-Huntington-Ashland, WV-OH-KY CSA",708228,708221,708409,706527,705655,702984
330M200US172,172,"Charlotte-Concord, NC-SC CSA",2375675,2375698,2382230,2414816,2452940,2493040
330M200US174,174,"Chattanooga-Cleveland-Dalton, TN-GA-AL CSA",923460,923461,924635,929844,935801,940299
330M200US176,176,"Chicago-Naperville, IL-IN-WI CSA",9840929,9840929,9849960,9869995,9891237,9912730
330M200US178,178,"Cincinnati-Wilmington-Maysville, OH-KY-IN CSA",2174110,2174110,2176739,2182459,2188661,2196629
330M200US184,184,"Cleveland-Akron-Canton, OH CSA",3515646,3515656,3516018,3506973,3501748,3501538
330M200US185,185,"Cleveland-Indianola, MS CSA",63595,63597,63144,62410,62520,62046
330M200US188,188,"Clovis-Portales, NM CSA",68222,68222,68981,70134,71014,70553
330M200US190,190,"Columbia-Moberly-Mexico, MO CSA",213585,213585,214069,216645,219420,221374
330M200US192,192,"Columbia-Orangeburg-Newberry, SC CSA",897607,897479,899539,905849,913517,922242
330M200US194,194,"Columbus-Auburn-Opelika, GA-AL CSA",469327,469335,470699,479802,492817,501649
330M200US198,198,"Columbus-Marion-Zanesville, OH CSA",2308509,2308509,2313011,2331525,2349481,2370839
330M200US204,204,"Corpus Christi-Kingsville-Alice, TX CSA",501500,501504,501414,504608,510927,516793
330M200US206,206,"Dallas-Fort Worth, TX-OK CSA",6817483,6817483,6844689,6963855,7097014,7206144
330M200US209,209,"Davenport-Moline, IA-IL CSA",471551,471551,472125,472930,474157,474937
330M200US212,212,"Dayton-Springfield-Sidney, OH CSA",1080044,1080045,1083219,1083317,1080920,1079679
330M200US216,216,"Denver-Aurora, CO CSA",3090874,3090874,3104199,3158759,3215516,3277309
330M200US217,217,"DeRidder-Fort Polk South, LA CSA",87988,87988,88577,88319,90290,88773
330M200US218,218,"Des Moines-Ames-West Des Moines, IA CSA",722323,722323,724630,734572,743888,755200
330M200US220,220,"Detroit-Warren-Ann Arbor, MI CSA",5318744,5318807,5313167,5308848,5311778,5314163
330M200US221,221,"Dixon-Sterling, IL CSA",94529,94529,94448,93738,92964,92415
330M200US222,222,"Dothan-Enterprise-Ozark, AL CSA",245838,245838,246399,247198,249176,248513
330M200US232,232,"Eau Claire-Menomonie, WI CSA",205008,205008,205279,206462,207404,208692
330M200US233,233,"Edwards-Glenwood Springs, CO CSA",125734,125734,125330,124935,126039,127141
330M200US236,236,"Elmira-Corning, NY CSA",187820,187819,187882,188189,188111,187156
330M200US238,238,"El Paso-Las Cruces, TX-NM CSA",1013356,1013357,1017329,1034622,1045891,1044496
330M200US240,240,"Erie-Meadville, PA CSA",369331,369331,369381,369015,368510,367670
330M200US244,244,"Fargo-Wahpeton, ND-MN CSA",231674,231674,232290,235532,239595,246386
330M200US246,246,"Fayetteville-Lumberton-Laurinburg, NC CSA",536708,536708,538277,544676,545090,548059
330M200US248,248,"Findlay-Tiffin, OH CSA",131527,131527,131296,131531,131703,131687
330M200US258,258,"Fort Wayne-Huntington-Auburn, IN CSA",611712,611710,612223,615055,616772,619762
330M200US260,260,"Fresno-Madera, CA CSA",1081315,1081315,1083897,1093115,1099816,1107661
330M200US264,264,"Gainesville-Lake City, FL CSA",331806,331807,332271,333992,336583,337925
330M200US266,266,"Grand Rapids-Wyoming-Muskegon, MI CSA",1379237,1379239,1379291,1384621,1394632,1407323
330M200US267,267,"Green Bay-Shawano, WI CSA",352422,352422,352907,354848,356977,358369
330M200US268,268,"Greensboro--Winston-Salem--High Point, NC CSA",1589200,1589267,1591659,1601125,1610606,1619313
330M200US273,273,"Greenville-Spartanburg-Anderson, SC CSA",1362073,1362194,1364399,1372978,1384223,1395624
330M200US274,274,"Greenville-Washington, NC CSA",215907,215921,216605,218447,220454,221727
330M200US276,276,"Harrisburg-York-Lebanon, PA CSA",1219422,1219425,1220973,1224784,1229112,1233708
330M200US277,277,"Harrisonburg-Staunton-Waynesboro, VA CSA",243730,243717,243787,245765,247172,248661
330M200US278,278,"Hartford-West Hartford, CT CSA",1486436,1486439,1488119,1490112,1489037,1489361
330M200US280,280,"Hickory-Lenoir, NC CSA",410493,410488,410403,409178,408704,408533
330M200US284,284,"Hot Springs-Malvern, AR CSA",128947,128947,129340,129687,130306,130673
330M200US288,288,"Houston-The Woodlands, TX CSA",6114562,6114592,6143322,6249117,6369855,6508323
330M200US290,290,"Huntsville-Decatur-Albertville, AL CSA",664441,664439,666481,673110,678493,683871
330M200US292,292,"Idaho Falls-Rexburg-Blackfoot, ID CSA",229650,229722,230373,231840,232397,232740
330M200US294,294,"Indianapolis-Carmel-Muncie, IN CSA",2266569,2266567,2271280,2290258,2310396,2336237
330M200US296,296,"Ithaca-Cortland, NY CSA",150900,150895,150931,151391,151935,152593
330M200US298,298,"Jackson-Vicksburg-Brookhaven, MS CSA",660368,660361,661635,666759,668787,668663
330M200US300,300,"Jacksonville-St. Marys-Palatka, FL-GA CSA",1470473,1470473,1474033,1485594,1502614,1518677
330M200US304,304,"Johnson City-Kingsport-Bristol, TN-VA CSA",508260,508260,508563,508822,509076,509249
330M200US306,306,"Johnstown-Somerset, PA CSA",221421,221425,221143,219918,218656,217019
330M200US308,308,"Jonesboro-Paragould, AR CSA",163116,163116,163462,165521,167355,168730
330M200US309,309,"Joplin-Miami, MO-OK CSA",207366,207364,207774,208639,206743,207488
330M200US310,310,"Kalamazoo-Battle Creek-Portage, MI CSA",524030,524039,524187,524850,526009,528156
330M200US312,312,"Kansas City-Overland Park-Kansas City, MO-KS CSA",2343008,2343008,2347806,2360987,2376764,2393623
330M200US314,314,"Knoxville-Morristown-Sevierville, TN CSA",1077073,1077075,1078534,1084301,1091013,1096961
330M200US316,316,"Kokomo-Peru, IN CSA",119655,119655,119557,119439,119371,118900
330M200US318,318,"Lafayette-Opelousas-Morgan City, LA CSA",604784,604784,605729,608225,610974,616113
330M200US320,320,"Lafayette-West Lafayette-Frankfort, IN CSA",235013,235013,235230,237275,239729,241943
330M200US330,330,"Lansing-East Lansing-Owosso, MI CSA",534684,534680,534727,535659,535346,536221
330M200US332,332,"Las Vegas-Henderson, NV-AZ CSA",2195401,2195401,2197106,2212301,2243715,2273195
330M200US336,336,"Lexington-Fayette--Richmond--Frankfort, KY CSA",687173,687173,688862,695625,702622,708677
330M200US338,338,"Lima-Van Wert-Celina, OH CSA",221838,221838,221747,221254,220804,220461
330M200US339,339,"Lincoln-Beatrice, NE CSA",324468,324468,325208,328410,332152,335989
330M200US340,340,"Little Rock-North Little Rock, AR CSA",877091,877091,879648,888010,893839,898683
330M200US346,346,"Longview-Marshall, TX CSA",280000,280010,280455,283224,283967,283416
330M200US348,348,"Los Angeles-Long Beach, CA CSA",17877006,17877011,17913471,18068985,18213775,18351929
330M200US350,350,"Louisville/Jefferson County--Elizabethtown--Madison, KY-IN CSA",1459911,1459912,1463779,1472427,1478845,1490724
330M200US352,352,"Lubbock-Levelland, TX CSA",313740,313740,315010,318298,321027,324568
330M200US356,356,"Macon-Warner Robins, GA CSA",411898,411898,412721,416293,417971,417473
330M200US357,357,"Madison-Janesville-Beloit, WI CSA",827742,827742,828677,836241,843649,851332
330M200US358,358,"Manhattan-Junction City, KS CSA",127081,127081,128578,130731,136656,135469
330M200US359,359,"Mankato-New Ulm-North Mankato, MN CSA",122633,122633,122680,122955,123454,123892
330M200US360,360,"Mansfield-Ashland-Bucyrus, OH CSA",221398,221398,221283,219746,218658,217624
330M200US362,362,"Martin-Union City, TN-KY CSA",73641,73641,73670,73400,72627,71966
330M200US365,365,"McAllen-Edinburg, TX CSA",835737,835737,840431,856101,867644,877959
330M200US366,366,"Medford-Grants Pass, OR CSA",285919,285919,286266,287441,289325,291851
330M200US368,368,"Memphis-Forrest City, TN-MS-AR CSA",1353087,1353087,1354768,1360797,1368598,1369006
330M200US370,370,"Miami-Fort Lauderdale-Port St. Lucie, FL CSA",6166766,6166788,6185038,6295172,6375718,6447610
330M200US372,372,"Midland-Odessa, TX CSA",278801,278801,278874,284610,296418,306158
330M200US376,376,"Milwaukee-Racine-Waukesha, WI CSA",2025989,2025986,2026454,2031541,2036874,2040498
330M200US378,378,"Minneapolis-St. Paul, MN-WI CSA",3684928,3684928,3691397,3726236,3760127,3797883
330M200US380,380,"Mobile-Daphne-Fairhope, AL CSA",595257,595267,596513,599716,604265,609619
330M200US382,382,"Modesto-Merced, CA CSA",770246,770249,772033,777469,783082,788719
330M200US384,384,"Monroe-Ruston-Bastrop, LA CSA",251155,251155,251468,251876,252267,253035
330M200US390,390,"Morgantown-Fairmont, WV CSA",186127,186127,186856,188975,191316,193001
330M200US393,393,"Moses Lake-Othello, WA CSA",107848,107848,108343,109525,110460,110945
330M200US394,394,"Mount Pleasant-Alma, MI CSA",112787,112787,112722,112714,112585,112404
330M200US396,396,"Myrtle Beach-Conway, SC-NC CSA",436880,436880,438826,445994,454461,465391
330M200US400,400,"Nashville-Davidson--Murfreesboro, TN CSA",1788434,1788444,1793745,1816452,1845332,1876933
330M200US404,404,"New Bern-Morehead City, NC CSA",193271,193271,193849,195595,196338,196091
330M200US406,406,"New Orleans-Metairie-Hammond, LA-MS CSA",1413965,1413969,1420245,1439459,1453256,1467880
330M200US408,408,"New York-Newark, NY-NJ-CT-PA CSA",23076664,23076669,23110956,23257567,23368541,23484225
330M200US412,412,"North Port-Sarasota, FL CSA",897121,897121,898362,903034,917167,931788
330M200US416,416,"Oklahoma City-Shawnee, OK CSA",1322429,1322434,1327523,1346631,1368103,1390835
330M200US420,420,"Omaha-Council Bluffs-Fremont, NE-IA CSA",902041,902041,904788,913779,922084,931666
330M200US422,422,"Orlando-Deltona-Daytona Beach, FL CSA",2818120,2818119,2824356,2864187,2920552,2975658
330M200US424,424,"Paducah-Mayfield, KY-IL CSA",135883,135881,135969,136457,136141,135588
330M200US425,425,"Parkersburg-Marietta-Vienna, WV-OH CSA",154451,154451,154401,154219,153962,153780
330M200US426,426,"Peoria-Canton, IL CSA",416255,416255,416032,416722,417278,418460
330M200US428,428,"Philadelphia-Reading-Camden, PA-NJ-DE-MD CSA",7067807,7067813,7075265,7103275,7129715,7146706
330M200US430,430,"Pittsburgh-New Castle-Weirton, PA-OH-WV CSA",2660727,2660735,2660715,2661980,2661476,2659937
330M200US438,438,"Portland-Lewiston-South Portland, ME CSA",621800,621802,621487,623314,625606,627504
330M200US440,440,"Portland-Vancouver-Salem, OR-WA CSA",2921408,2921412,2928512,2960848,2993436,3022178
330M200US444,444,"Pueblo-Ca�on City, CO CSA",205887,205887,206413,207724,207732,207902
330M200US446,446,"Pullman-Moscow, WA-ID CSA",82020,82020,82057,82847,84545,84648
330M200US448,448,"Quincy-Hannibal, IL-MO CSA",116262,116262,116340,116497,116489,116378
330M200US450,450,"Raleigh-Durham-Chapel Hill, NC CSA",1912729,1912641,1922097,1959829,1998582,2037430
330M200US452,452,"Rapid City-Spearfish, SD CSA",158695,158695,159215,160647,163145,166341
330M200US454,454,"Redding-Red Bluff, CA CSA",240686,240686,240939,241255,241632,242037
330M200US456,456,"Reno-Carson City-Fernley, NV CSA",579668,579668,580396,582188,585914,590428
330M200US458,458,"Richmond-Connersville, IN CSA",93194,93194,93194,92898,92267,91754
330M200US462,462,"Rochester-Austin, MN CSA",246040,246040,246337,247766,249064,251180
330M200US464,464,"Rochester-Batavia-Seneca Falls, NY CSA",1175001,1174977,1175374,1177404,1177707,1178141
330M200US466,466,"Rockford-Freeport-Rochelle, IL CSA",450639,450639,450435,448437,445496,443748
330M200US468,468,"Rocky Mount-Wilson-Roanoke Rapids, NC CSA",310416,310411,310301,309681,308271,306626
330M200US470,470,"Rome-Summerville, GA CSA",122332,122332,122368,121853,121627,120959
330M200US472,472,"Sacramento-Roseville, CA CSA",2414783,2414783,2420400,2441255,2459822,2482660
330M200US474,474,"Saginaw-Midland-Bay City, MI CSA",391569,391569,391229,390077,388989,387293
330M200US476,476,"St. Louis-St. Charles-Farmington, MO-IL CSA",2892497,2892495,2894822,2898322,2901230,2905893
330M200US482,482,"Salt Lake City-Provo-Orem, UT CSA",2271696,2271696,2281078,2315307,2349764,2389225
330M200US488,488,"San Jose-San Francisco-Oakland, CA CSA",8153696,8153698,8173055,8265346,8364559,8469854
330M200US496,496,"Savannah-Hinesville-Statesboro, GA CSA",495745,495755,496813,509132,516809,518020
330M200US500,500,"Seattle-Tacoma, WA CSA",4274767,4274773,4285026,4341366,4399482,4459677
330M200US512,512,"Sioux City-Vermillion, IA-SD-NE CSA",182427,182427,182640,182857,182850,182649
330M200US515,515,"South Bend-Elkhart-Mishawaka, IN-MI CSA",720647,720640,720206,721122,720817,721543
330M200US518,518,"Spokane-Spokane Valley-Coeur d'Alene, WA-ID CSA",666247,666247,667393,671008,674806,679989
330M200US520,520,"Springfield-Branson, MO CSA",520589,520589,521425,524846,529279,533616
330M200US521,521,"Springfield-Greenfield Town, MA CSA",692942,692942,694498,697061,697323,698136
330M200US522,522,"Springfield-Jacksonville-Lincoln, IL CSA",316177,316181,316488,317475,317188,316303
330M200US524,524,"State College-DuBois, PA CSA",235632,235629,235713,236102,236594,236577
330M200US525,525,"Steamboat Springs-Craig, CO CSA",37304,37304,37225,36587,36437,36616
330M200US532,532,"Syracuse-Auburn, NY CSA",742603,742606,742803,742248,740533,741411
330M200US533,533,"Tallahassee-Bainbridge, FL-GA CSA",395255,396612,397288,398753,402863,400614
330M200US534,534,"Toledo-Port Clinton, OH CSA",651429,651429,651593,651086,649836,649298
330M200US536,536,"Tucson-Nogales, AZ CSA",1027683,1027683,1029282,1035251,1039619,1043322
330M200US538,538,"Tulsa-Muskogee-Bartlesville, OK CSA",1106431,1106430,1109157,1115645,1122371,1131458
330M200US540,540,"Tyler-Jacksonville, TX CSA",260559,260559,261312,263860,265771,266958
330M200US544,544,"Victoria-Port Lavaca, TX CSA",115384,115384,115419,116083,118280,119299
330M200US545,545,"Virginia Beach-Norfolk, VA-NC CSA",1779243,1779241,1782705,1789278,1801151,1810266
330M200US546,546,"Visalia-Porterville-Hanford, CA CSA",595161,595161,595759,599699,602425,605103
330M200US548,548,"Washington-Baltimore-Arlington, DC-MD-VA-WV-PA CSA",9051961,9052079,9087417,9219624,9334630,9443180
330M200US554,554,"Wausau-Stevens Point-Wisconsin Rapids, WI CSA",307574,307574,307562,307767,307861,308439
330M200US556,556,"Wichita-Arkansas City-Winfield, KS CSA",667230,667230,668222,669273,671762,673598
330M200US558,558,"Williamsport-Lock Haven, PA CSA",155349,155349,155408,156199,157055,156708
330M200US566,566,"Youngstown-Warren, OH-PA CSA",673614,673609,673054,669299,664953,661399
